"contact_[0,10)","contact_[10,20)","contact_[20,30)","contact_[30,40)","contact_[40,50)","contact_[50,60)","contact_[60,70)","contact_[70,80)","contact_[80,90)","contact_90+"
6.03635015566226e-07	2.89100850607069e-07	1.68207132174836e-07	7.92666280445196e-07	3.66988944271966e-07	6.21313813347054e-08	2.21293563707862e-08	0	0
1.00162262247689e-07	6.10544663704569e-07	1.52606906625775e-07	5.53830612613064e-08	9.19033316992265e-07	1.88038319901424e-07	2.81874243219616e-08	0	0
9.2239528691525e-08	2.06934822107866e-07	3.94810236901467e-07	1.1295630424734e-07	1.65394600034258e-07	5.09779424643288e-07	9.06884918903809e-08	1.06781290776414e-08	8.36947058912019e-09
5.84691266646867e-07	2.18766111313541e-07	4.76254953398297e-08	3.65602916604881e-07	1.18209168901621e-07	6.86160280969183e-08	9.47171753021018e-08	3.04151115518493e-08	2.67163146684027e-08
8.88752809333718e-08	7.00720278335226e-07	2.00237371068593e-07	5.09445714329894e-08	3.85756230368673e-07	9.35602094477145e-08	2.74423337341889e-08	3.45954298603568e-08	8.8230769098259e-09
5.63888444900153e-08	1.032558055087e-07	2.82879465856952e-07	5.91914503499322e-08	8.3736739602702e-08	3.8746772258627e-07	1.60008720336783e-07	1.48860102736373e-08	2.62527707170829e-08
2.75840431595032e-08	1.18623628271723e-08	3.23119788966401e-08	1.44638833017739e-08	4.73988630281565e-09	1.42034242816506e-07	4.82636021952439e-07	7.59427325775177e-08	1.33587399555101e-08
0	3.54079502697589e-08	2.20443989835796e-08	2.14925773679025e-08	4.67726813793019e-08	8.52574855962359e-09	1.34089871871513e-07	5.13747535990166e-07	9.02472732915215e-08
8.88732713240544e-10	0	3.57471543410082e-08	3.73115490513062e-08	3.50816715666458e-08	9.55623373951209e-08	1.02035449307096e-07	2.51077791609239e-07	1.93017016785032e-06
