"contact_[0,10)","contact_[10,20)","contact_[20,30)","contact_[30,40)","contact_[40,50)","contact_[50,60)","contact_[60,70)","contact_[70,80)","contact_[80,90)","contact_90+"
1.10820292781163e-07	3.56311760745908e-08	2.3011997286021e-08	7.98410597446141e-08	6.23529201153547e-08	5.91783439038762e-08	4.06320611896786e-08	1.71130089628578e-08	0
1.08509572036835e-08	5.01265011649367e-07	2.24205166789473e-08	2.74450126132938e-08	1.04566071577399e-07	8.34740273353466e-09	0	1.40701858981737e-08	0
0	2.31501038373439e-08	1.97211065989231e-07	3.26428601621376e-08	3.04040513242368e-08	5.12289514900686e-08	1.46176187789402e-08	0	0
3.27488698376639e-08	5.05533150587019e-08	8.11297986059503e-08	9.29036490732117e-08	7.84018620884211e-08	6.22871442690922e-08	2.97089377864287e-08	1.43920399257769e-08	3.52602448655202e-08
1.44656070680728e-08	2.63738015849113e-08	3.05686844573102e-08	4.34385862141889e-08	6.17305784526906e-08	5.43762306367549e-08	9.07850041573349e-09	2.74320350232043e-08	7.66525217488489e-09
4.24117815537976e-09	2.2591494192811e-08	2.6468149985304e-08	4.59487912717156e-08	6.715393712243e-08	5.93507721761249e-08	5.78984768850548e-08	3.10521454127707e-08	2.89615366066695e-08
4.87782325588419e-08	2.11134674040746e-08	5.54497120698492e-09	6.54457768846225e-08	9.75741063303866e-08	1.04492102435303e-07	1.97096331732378e-07	1.0836540323265e-07	1.01598202445743e-07
1.84713209012476e-08	2.78929251164149e-08	1.79460390196822e-08	1.61545382120781e-08	8.48094076180657e-08	7.26053750765276e-08	1.79242668985002e-07	1.05628364491354e-07	8.32548658239605e-08
0	1.17943520217574e-08	6.13305437949149e-08	1.19845089063206e-07	6.36059271171912e-08	6.09714713445716e-08	8.3987597784863e-08	9.27500805267094e-08	8.79311831834551e-08
