"contact_[0,10)","contact_[10,20)","contact_[20,30)","contact_[30,40)","contact_[40,50)","contact_[50,60)","contact_[60,70)","contact_[70,80)","contact_[80,90)","contact_90+"
0	0	0	0	0	0	0	0	0
2.02545137844655e-08	1.26822208724096e-07	2.66081382983423e-07	0	1.42876926559623e-08	0	0	0	0
2.18524154720757e-07	1.87654965181689e-06	1.68069104290388e-06	1.48017504623794e-06	1.62367447068696e-06	9.49735002918402e-07	3.42135418401904e-07	2.30952716433487e-07	8.16023382439218e-08
6.59934912251605e-07	2.22219755392399e-06	1.41770847246795e-06	2.3085161784722e-06	2.36635810554781e-06	1.87972242421346e-06	7.51963706057504e-07	5.21634268559541e-07	2.05488784551459e-07
4.31020871632989e-07	5.77939779002549e-07	1.15999477521767e-06	1.95846806606146e-06	2.02178195205405e-06	1.62028658153853e-06	1.21561793989489e-06	9.87244115282134e-07	1.61945102242075e-07
6.86461891421771e-07	4.68079005472494e-07	9.96445559345824e-07	1.30808454418569e-06	1.41624222394764e-06	1.20488097875641e-06	5.48394217949679e-07	3.79872902099431e-07	1.0120514520257e-07
5.99705226364038e-09	0	6.92029280647292e-08	1.20914663585738e-07	1.32155286461365e-07	1.9868933324332e-07	1.21388168381505e-07	7.12734565234865e-08	0
9.73640095273787e-08	0	5.29299756930396e-08	8.8019741861524e-08	3.68419469742394e-08	2.49420312792962e-08	2.30087127344649e-08	4.24287139438093e-08	7.17635910967231e-08
6.3164327975545e-09	0	4.54906430625192e-08	5.367415252114e-08	9.7214425426906e-09	0	0	0	0
